name,rank,sequence,interface_dG,N_close_strep_residues_5,monomer_dG,complex_dG,complexed_sasa,fraction seq change in tuning,worst per residue score,45 B,46 B,47 B,49 B,50 B,51 B,52 B,53 B,81 B,82 B,83 B,84 B,85 B,86 B,87 B,112 B,116 B,13 C,14 C,15 C,16 C,35 C,36 C,63 C,64 C,65 C,66 C,67 C,68 C,69 C,98 C,99 C,100 C,102 C
omicron_143F,0,MKIYYASDAHETLSKMRGTIGAVLGFGSQGHAHAHNFEMVMSGGRVGLRKGSRSWEKAVAAITSLTGGVEEAAKAAAKSGVLPVAEAVREADVVMVLLPDEKQAQVYREEVEPNLKEGGALAFAHGFNVHFGQIKPRKDLDVWMVAPKGPGHLVRATARHGRGDSDSSVDDGGPGSNWSHPQFEKRPPGGSGVPALVAVHQDASGSAFPTALAYAKAIGAARAGVIATTFKDETETDLFGEQAVLCGGLTRLIRAGFETLVEAGYPPEMAYFETVHEVKLIVDLIYEAGLKGMRYSISNTAEYGDYTRGDLAVPLEETKRRMREILRQIQSGEFAREWMLENQVGSPVLEANRKRWAAH,-55.602008682221594,13,-254.972764641549,-1617.985757310781,30114.337867987462,0.116991643454039,6.326466172232156,False,True,True,True,True,True,False,False,False,True,False,False,True,False,False,False,False,False,False,True,True,False,False,True,False,False,True,False,False,False,True,False,False,True
rho_98C,1,MKIYTDIEAKRMIGLIGAVLGFGSQGHAHAHNLQTAFIMRMLSLDSKNNKMGYTYVGTKEGDESVEKWARMVKGGNNLNNSLALGPVAEAVREADVVMVLLPDEKQAQVYREEVEPNLKEGGALAFAHGFNVHFGQIKPRKDLDVWMVAPKGPGEDMIKMAFDENWSHPQFEKSNENLSEKVSGALVAVHQDASGSAFPTALAYAKAIGAARAGVIATTFKDETETDLFGEQAVLCGGLTRLIRAGFETLVEAGYPPEMAYFETVHEVKLIVDLIYEAGLKGMRYSISNTAEYGDYTRGDLAVPLEETKRRMREILRQIQSGEFAREWMLENQVGSPVLEANRKRWAAH,-60.71523717904233,12,-204.44411966822997,-673.7152384480315,30518.8549541454,0.17765042979942694,6.439014018949087,False,True,True,True,False,True,False,False,False,True,False,False,False,True,False,False,False,True,False,False,True,False,False,True,False,False,True,False,True,False,True,False,False,False
sigma_30F,2,MKIYFESDMQEADLKSFLALVGAVLGFGSQGHAHAHNANTTARDSGGQMFKTGLSPEERNSILRTITEATNKHGDASSVALLLLLAGTGELGPVAEAVREADVVMVLLPDEKQAQVYREEVEPNLKEGGALAFAHGFNVHFGQIKPRKDLDVWMVAPKGPGEELLKAASPMNWSHPQFEKAAEELRVSQEVGALVAVHQDASGSAFPTALAYAKAIGAARAGVIATTFKDETETDLFGEQAVLCGGLTRLIRAGFETLVEAGYPPEMAYFETVHEVKLIVDLIYEAGLKGMRYSISNTAEYGDYTRGDLAVPLEETKRRMREILRQIQSGEFAREWMLENQVGSPVLEANRKRWAAH,-60.51604771136908,12,-237.01269569654818,-1780.9037727381672,30558.808938297785,0.1792717086834734,6.424252038250975,False,True,True,True,False,True,True,False,False,False,False,False,False,True,False,False,True,False,False,False,False,False,False,True,False,False,True,False,True,False,True,False,True,False
rho_52D,3,MKIYHDSTGSTTLKGAVLGFGSQGHAHAHNLATKAANTGPVMVGAHEEEAAKIRTAAAKKSPMAYALWLMARMGPVAEAVREADVVMVLLPDEKQAQVYREEVEPNLKEGGALAFAHGFNVHFGQIKPRKDLDVWMVAPKGPGEALMKGGTLNWSHPQFEKSAGETADGIGDMGALVAVHQDASGSAFPTALAYAKAIGAARAGVIATTFKDETETDLFGEQAVLCGGLTRLIRAGFETLVEAGYPPEMAYFETVHEVKLIVDLIYEAGLKGMRYSISNTAEYGDYTRGDLAVPLEETKRRMREILRQIQSGEFAREWMLENQVGSPVLEANRKRWAAH,-52.763027737677476,12,-245.72646917714823,-2076.494165195484,30026.991283139512,0.168141592920354,6.36054956962301,False,True,True,True,False,True,False,False,False,False,False,False,False,True,False,False,False,False,False,True,True,False,False,True,False,False,True,False,True,False,True,True,False,False
sigma_18C,4,MKIYSDDLNAEDLERALRKIALLRGAVLGFGSQGHAHAHNLFKAILQALQAHHASEKTADVAIGADEKSKEDIAKAMAQANAGAGGGLSVGPVAEAVREADVVMVLLPDEKQAQVYREEVEPNLKEGGALAFAHGFNVHFGQIKPRKDLDVWMVAPKGPGEEMMKMGDGGGNWSHPQFEKAGMKEDASTDKRGALVAVHQDASGSAFPTALAYAKAIGAARAGVIATTFKDETETDLFGEQAVLCGGLTRLIRAGFETLVEAGYPPEMAYFETVHEVKLIVDLIYEAGLKGMRYSISNTAEYGDYTRGDLAVPLEETKRRMREILRQIQSGEFAREWMLENQVGSPVLEANRKRWAAH,-51.82920668146721,12,-269.6362577957573,470.6953644814998,30659.1907124682,0.1787709497206704,6.578040592009411,True,True,True,False,False,True,True,False,False,False,False,False,False,True,False,False,False,True,True,False,False,False,False,True,True,False,True,False,False,False,True,False,False,False
lambda_combo_85F,5,MKIYYEHDADLGFILGKKVAVLGFGSQGHAHAHNLMATFMRQGAAQKKQVGYGRVGLRKGSRSWEKAEEAVRRLGLGDPSTMGVLPVAEAVREADVVMVLLPDEKQAQVYREEVEPNLKEGGALAFAHGFNVHFGQIKPRKDLDVWMVAPKGPGHLVRQTAYGSSNGDDAKKQANDMGSNWSHPQFEKRPPGGSGVPALVAVHQDASGSAFPTALAYAKAIGAARAGVIATTFKDETETDLFGEQAVLCGGLTRLIRAGFETLVEAGYPPEMAYFETVHEVKLIVDLIYEAGLKGMRYSISNTAEYGDYTRGDLAVPLEETKRRMREILRQIQSGEFAREWMLENQVGSPVLEANRKRWAAH,-71.25851536069945,11,-247.1835320617865,197.39107456459925,30317.36606248142,0.09944751381215469,7.012156897105151,False,True,True,False,False,False,False,False,False,True,False,False,False,False,True,True,False,False,False,True,False,False,False,True,False,True,True,True,False,True,False,False,False,False
omicron_194B,6,MKIYDKDALQKPHQLGTGAVLGFGSQGHAHAHNLIAAIIDARAQPKVKIVAVAGRVGLRKGSRSWEKAAAAFSKLGDAEEFGVLPVAEAVREADVVMVLLPDEKQAQVYREEVEPNLKEGGALAFAHGFNVHFGQIKPRKDLDVWMVAPKGPGHLVRAVAWGGGGAVGSNWSHPQFEKRPPGGSGVPALVAVHQDASGSAFPTALAYAKAIGAARAGVIATTFKDETETDLFGEQAVLCGGLTRLIRAGFETLVEAGYPPEMAYFETVHEVKLIVDLIYEAGLKGMRYSISNTAEYGDYTRGDLAVPLEETKRRMREILRQIQSGEFAREWMLENQVGSPVLEANRKRWAAH,-62.879233995012896,11,-159.6806783009748,-1523.5514141649055,30218.427543733058,0.10227272727272728,6.346362090377138,False,True,True,False,False,True,False,False,False,False,True,True,True,False,False,False,False,True,False,True,False,False,True,True,False,False,True,False,False,False,False,False,False,False
pi_cold__31D,7,MKIYYEHDADLGFILGKKVAVLGFGSQGHAHAHNLLATLWSHNTGAGRVGLRKGSRSWEKAEAAIMASLGFAFKDHFAPTSGVLPVAEAVREADVVMVLLPDEKQAQVYREEVEPNLKEGGALAFAHGFNVHFGQIKPRKDLDVWMVAPKGPGHLVRAEADGDMKNGDKLDVSNWSHPQFEKGMEMTELDLSGPALVAVHQDASGSAFPTALAYAKATLLLVQANGYKMGGIATTFKDETETDLFGEQAVLCGGLTRLIRAGFETLVEAGYPPEMAYFETVHEVKLIVDLIYEAGLKGMRYSISNTAEYGDYTRGDLAVPLEETKRRMREILRQIQSGEFAREWMLENQVGSPVLEANRKRWAAH,-62.272590179202325,11,-207.4319148028557,-590.8193253710148,30677.623949185458,0.14794520547945206,6.997379372701566,False,True,True,False,False,False,False,False,False,False,False,True,False,False,False,False,False,False,False,True,True,False,False,True,False,True,True,True,False,False,True,True,False,False
rho_20B,8,MKIYSTDDDSSILLELILKAKAGAVLGFGSQGHAHAHNAATAYDQLKRGGNMEVVAQVVVGADDEERKKVAKAWKDAISAEVPLYSGPVAEAVREADVVMVLLPDEKQAQVYREEVEPNLKEGGALAFAHGFNVHFGQIKPRKDLDVWMVAPKGPGEALLNYGKGNWSHPQFEKELKSEEAGGALVAVHQDASGSAFPTALAYAKAIGAARAGVIATTFKDETETDLFGEQAVLCGGLTRLIRAGFETLVEAGYPPEMAYFETVHEVKLIVDLIYEAGLKGMRYSISNTAEYGDYTRGDLAVPLEETKRRMREILRQIQSGEFAREWMLENQVGSPVLEANRKRWAAH,-56.47518611718101,11,-224.83665987227718,-900.4884200666245,30400.0113121009,0.16954022988505746,6.496575315731066,False,True,True,False,False,False,True,False,False,True,False,False,False,False,False,False,False,False,False,True,True,False,False,True,False,False,True,False,True,False,True,True,False,False
omicron_19F,9,MKIYSEMDGSKDAVKILAKLTGAVLGFGSQGHAHAHNFKATAIAAGVTKGRVGLRKGSRSWEKAEAAHGHDIEVSIAASITNDDGVLPVAEAVREADVVMVLLPDEKQAQVYREEVEPNLKEGGALAFAHGFNVHFGQIKPRKDLDVWMVAPKGPGHLVRSVAAQSGVDVSDEGGAHGGYGGSNWSHPQFEKRPPGGSGVPALVAVHQDASGSAFPTALAYAKAIGAARAGVIATTFKDETETDLFGEQAVLCGGLTRLIRAGFETLVEAGYPPEMAYFETVHEVKLIVDLIYEAGLKGMRYSISNTAEYGDYTRGDLAVPLEETKRRMREILRQIQSGEFAREWMLENQVGSPVLEANRKRWAAH,-54.88075141870763,11,-247.61192858327377,-1481.1927854186436,30589.481214945965,0.12568306010928962,6.377540215933932,False,True,True,False,True,True,False,False,False,True,True,False,True,False,False,False,False,False,False,True,False,False,False,True,False,False,True,False,False,False,False,True,False,False
eta_comboplus_43F,10,MKIYYEHDADLGFILGKKVAVLGFGSQGHAHAHMLANVLAMAGGEGRVGLRKGSRSWEKAEDLAKKTNAGGVLPVAEAVREADVVMVLLPDEKQAQVYREEVEPNLKEGGALAFAHGFNVHFGQIKPRKDLDVWMVAPKGPGHLVRALAWGIIGDKDLLGEEGAKNWSHPQFEKSAAPKDLDAKQLADAARLGPALVAVHQDASGSAFPTALAYAKAVRFGMAALEEEQAAKHVSAGIATTFKDETETDLFGEQAVLCGGLTRLIRAGFETLVEAGYPPEMAYFETVHEVKLIVDLIYEAGLKGMRYSISNTAEYGDYTRGDLAVPLEETKRRMREILRQIQSGEFAREWMLENQVGSPVLEANRKRWAAH,-54.701215200245315,11,-259.6559318389499,529.2341983124198,30891.939436176763,0.15363881401617252,7.175688656339378,False,True,True,True,False,True,False,False,False,False,True,True,False,True,True,False,False,False,False,False,False,False,False,True,False,True,False,True,False,False,False,False,False,False
omicron_100B,11,MKIYFVQDDTATVKKVARLHGAVLGFGSQGHAHAHNLIAALIAITAEAAKTEGSSSYGRVGLRKGSRSWEKAEAAAEIMGGMGVLPVAEAVREADVVMVLLPDEKQAQVYREEVEPNLKEGGALAFAHGFNVHFGQIKPRKDLDVWMVAPKGPGHLVRSVGGGATIAAAGPGTTLGSGGSNWSHPQFEKRPPGGSGVPALVAVHQDASGSAFPTALAYAKAIGAARAGVIATTFKDETETDLFGEQAVLCGGLTRLIRAGFETLVEAGYPPEMAYFETVHEVKLIVDLIYEAGLKGMRYSISNTAEYGDYTRGDLAVPLEETKRRMREILRQIQSGEFAREWMLENQVGSPVLEANRKRWAAH,-54.48038050585558,11,-197.41760011369138,-1923.781682053272,30313.11229948637,0.11294765840220386,6.384831723912565,False,True,True,False,True,True,False,False,False,True,True,False,True,False,False,False,False,False,False,False,False,True,True,True,False,False,True,False,False,False,False,False,False,False
omicron3_63B,12,MKIYYEEVGSNSSMRGAVLGFGSQGHAHAHNTQRSAHDAYGLKDKITALALGRVGLRKGSRSWEKALNAIKLGQGALDDTTVANTSGVLPVAEAVREADVVMVLLPDEKQAQVYREEVEPNLKEGGALAFAHGFNVHFGQIKPRKDLDVWMVAPKGPGHLVRSTAGTGGSNWSHPQFEKRPPGGSGVPALVAVHQDASGSAFPTALAYAKAIGAARAGVIATTFKDETETDLFGEQAVLCGGLTRLIRAGFETLVEAGYPPEMAYFETVHEVKLIVDLIYEAGLKGMRYSISNTAEYGDYTRGDLAVPLEETKRRMREILRQIQSGEFAREWMLENQVGSPVLEANRKRWAAH,-82.64525749879317,10,-210.07053712027542,-1403.8963808497538,30091.609608691546,0.11048158640226628,6.362449424503776,False,True,True,False,True,False,False,False,True,True,False,True,True,False,False,False,False,False,False,True,False,False,False,True,False,False,True,False,False,False,False,False,False,False
sigma_50D,13,MKIYWAKVNAEELDKVLAKLAKSGGAVLGFGSQGHAHAHNAAEAYLDTALAGNNKEQAKGTKVGADKNSEEKGQDELVETLRKLLKGLAHTNMVQFGPVAEAVREADVVMVLLPDEKQAQVYREEVEPNLKEGGALAFAHGFNVHFGQIKPRKDLDVWMVAPKGPGHDLYKLANAIGNWSHPQFEKNGGDVDNGEQKAGALVAVHQDASGSAFPTALAYAKAIGAARAGVIATTFKDETETDLFGEQAVLCGGLTRLIRAGFETLVEAGYPPEMAYFETVHEVKLIVDLIYEAGLKGMRYSISNTAEYGDYTRGDLAVPLEETKRRMREILRQIQSGEFAREWMLENQVGSPVLEANRKRWAAH,-72.02326783965646,10,-202.05453288543097,-1563.0667209266119,31404.220255782064,0.1813186813186813,6.4071707877989645,False,True,True,True,False,True,True,False,False,False,False,False,True,True,False,False,False,False,False,False,True,False,False,True,False,False,True,False,False,False,False,False,False,False
omicron3_59C,14,MKIYTENDVDVYTHRGAVLGFGSQGHAHAHNAKASFHDATLAIELTSSTDKGRVGLRKGSRSWEKAEEADIRKIGGPDQKGVLPVAEAVREADVVMVLLPDEKQAQVYREEVEPNLKEGGALAFAHGFNVHFGQIKPRKDLDVWMVAPKGPGHLVRATAFDGSNWSHPQFEKRPPGGSGVPALVAVHQDASGSAFPTALAYAKAIGAARAGVIATTFKDETETDLFGEQAVLCGGLTRLIRAGFETLVEAGYPPEMAYFETVHEVKLIVDLIYEAGLKGMRYSISNTAEYGDYTRGDLAVPLEETKRRMREILRQIQSGEFAREWMLENQVGSPVLEANRKRWAAH,-70.03726137198055,10,-241.3771448047626,-2062.6784273225944,30522.636562914155,0.10115606936416185,6.410198075864967,False,True,True,False,False,False,False,False,False,True,False,False,True,False,False,False,False,False,False,True,True,True,True,True,False,False,True,False,False,False,False,False,False,False
omicron_22E,15,MKIFSMTDGLTEEFLRLRGAVLGFGSQGHAHAHNLTETMLTQVGAAGRVGLRKGSRSWEKAENAARAFHGGENPAGMGVLPVAEAVREADVVMVLLPDEKQAQVYREEVEPNLKEGGALAFAHGFNVHFGQIKPRKDLDVWMVAPKGPGHLVRKTGAGAAVTDNAKQGDNGGPGSNWSHPQFEKRPPGGSGVPALVAVHQDASGSAFPTALAYAKAIGAARAGVIATTFKDETETDLFGEQAVLCGGLTRLIRAGFETLVEAGYPPEMAYFETVHEVKLIVDLIYEAGLKGMRYSISNTAEYGDYTRGDLAVPLEETKRRMREILRQIQSGEFAREWMLENQVGSPVLEANRKRWAAH,-67.5666435705549,10,-197.45834177429356,-1731.0083700917291,30305.94064074866,0.09217877094972067,6.566488540408681,False,True,True,False,True,False,False,False,False,True,True,False,True,False,False,False,False,False,False,True,True,False,False,True,False,False,True,False,False,False,False,False,False,False
omicron_105F,16,MKIYYVVDGAKIAAAITATRGLSGAVLGFGSQGHAHAHNLQVAIAAWHNAGIIVGQGRVGLRKGSRSWEKAANAAKLLGAAGMGVLPVAEAVREADVVMVLLPDEKQAQVYREEVEPNLKEGGALAFAHGFNVHFGQIKPRKDLDVWMVAPKGPGHLVRSTGAGANAEYGNMDHSDISGGTGSNWSHPQFEKRPPGGSGVPALVAVHQDASGSAFPTALAYAKAIGAARAGVIATTFKDETETDLFGEQAVLCGGLTRLIRAGFETLVEAGYPPEMAYFETVHEVKLIVDLIYEAGLKGMRYSISNTAEYGDYTRGDLAVPLEETKRRMREILRQIQSGEFAREWMLENQVGSPVLEANRKRWAAH,-64.67068884658124,10,-217.98245878365876,-935.7934952226274,30059.11773709239,0.12021857923497267,6.413580579866818,False,True,True,True,False,False,False,False,False,True,True,True,True,False,False,False,False,True,False,False,False,False,False,True,False,False,True,False,False,False,False,False,False,False
lambda_comboplus_12D,17,MKIYYEHDADLGFILGKKVAVLGFGSQGHAHAHNLAAANMDANQASEDSDTHSGKGRVGLRKGSRSWEKAENAAKAGDFQDLGVLPVAEAVREADVVMVLLPDEKQAQVYREEVEPNLKEGGALAFAHGFNVHFGQIKPRKDLDVWMVAPKGPGHLVRSVWGGAAGGNWSHPQFEKGFQLDEKELKKLAKAGPALVAVHQDASGSAFPTALAYAKAIMALGQSLTDYNVGGGIATTFKDETETDLFGEQAVLCGGLTRLIRAGFETLVEAGYPPEMAYFETVHEVKLIVDLIYEAGLKGMRYSISNTAEYGDYTRGDLAVPLEETKRRMREILRQIQSGEFAREWMLENQVGSPVLEANRKRWAAH,-62.1117025565959,10,-279.835034849156,-1115.6550417821113,30595.883548063473,0.11748633879781421,6.267418847956605,False,True,True,False,False,False,False,False,False,True,False,True,True,True,False,False,False,False,True,False,False,False,True,True,False,False,True,False,False,False,False,False,False,False
sigma_70E,18,MKIYYDGISTKIGMGAVLGFGSQGHAHAHNAEAAARGTGDKNGTVNSGEIRVGSSDDELKAMKKKLAKDIKKDESLGAIKKEILAKLAAYMGPVAEAVREADVVMVLLPDEKQAQVYREEVEPNLKEGGALAFAHGFNVHFGQIKPRKDLDVWMVAPKGPGEEMLKSAGANWSHPQFEKSTDEDKTHYLHGALVAVHQDASGSAFPTALAYAKAIGAARAGVIATTFKDETETDLFGEQAVLCGGLTRLIRAGFETLVEAGYPPEMAYFETVHEVKLIVDLIYEAGLKGMRYSISNTAEYGDYTRGDLAVPLEETKRRMREILRQIQSGEFAREWMLENQVGSPVLEANRKRWAAH,-60.59052950059936,10,-228.98850604308262,-1573.4563831681621,31502.920393582684,0.19382022471910113,6.3335846245737555,False,True,True,False,False,True,False,False,False,False,False,False,False,True,False,False,True,False,False,False,False,False,True,True,False,False,False,False,True,False,True,True,False,False
omicron2_7E,19,MKIYTANTVPILAILKKNGAVLGFGSQGHAHAHNLEAALATAAAVHGDNSRGRVGLRKGSRSWEKAEAVIANIKKDGKDVLSTYQFDGGVLPVAEAVREADVVMVLLPDEKQAQVYREEVEPNLKEGGALAFAHGFNVHFGQIKPRKDLDVWMVAPKGPGHLVRSENRDSVTSNYKLDEENVGGVGSNWSHPQFEKRPPGGSGVPALVAVHQDASGSAFPTALAYAKAIGAARAGVIATTFKDETETDLFGEQAVLCGGLTRLIRAGFETLVEAGYPPEMAYFETVHEVKLIVDLIYEAGLKGMRYSISNTAEYGDYTRGDLAVPLEETKRRMREILRQIQSGEFAREWMLENQVGSPVLEANRKRWAAH,-59.66716244463896,10,-342.4704589695367,-2089.3679221764028,30797.648713712388,0.1,6.480125009049224,False,True,True,False,False,False,False,False,False,True,False,False,True,False,False,False,False,False,False,True,False,True,False,True,False,False,True,False,False,False,False,True,True,False
omicron_186C,20,MKIYDLRLDENVEAKVLSNGGAVLGFGSQGHAHAHNLVDALLRMAVKLGEDFISEGRVGLRKGSRSWEKAENAAKAGGEAGLGVLPVAEAVREADVVMVLLPDEKQAQVYREEVEPNLKEGGALAFAHGFNVHFGQIKPRKDLDVWMVAPKGPGHLVRSVAVGGGAGLGSNWSHPQFEKRPPGGSGVPALVAVHQDASGSAFPTALAYAKAIGAARAGVIATTFKDETETDLFGEQAVLCGGLTRLIRAGFETLVEAGYPPEMAYFETVHEVKLIVDLIYEAGLKGMRYSISNTAEYGDYTRGDLAVPLEETKRRMREILRQIQSGEFAREWMLENQVGSPVLEANRKRWAAH,-59.53704674373762,10,-233.41618030768979,-2027.736977883183,30006.140121575663,0.08781869688385269,6.3582153725527615,False,True,True,False,False,True,False,False,False,True,True,True,True,False,False,False,False,True,False,False,False,False,False,True,False,False,True,False,False,False,False,False,False,False
omicron2_65D,21,MKIYDCSVDLKVHWKAGAVLGFGSQGHAHAHNAAAAYATYINLGENAGVSGRVGLRKGSRSWEKAEAAAKTNGSNMGVLPVAEAVREADVVMVLLPDEKQAQVYREEVEPNLKEGGALAFAHGFNVHFGQIKPRKDLDVWMVAPKGPGHLVRSINSGAGASRYAAGGGSNWSHPQFEKRPPGGSGVPALVAVHQDASGSAFPTALAYAKAIGAARAGVIATTFKDETETDLFGEQAVLCGGLTRLIRAGFETLVEAGYPPEMAYFETVHEVKLIVDLIYEAGLKGMRYSISNTAEYGDYTRGDLAVPLEETKRRMREILRQIQSGEFAREWMLENQVGSPVLEANRKRWAAH,-59.37111215904474,10,-197.07198291098393,-1893.1806759591711,29897.723301436115,0.09090909090909091,6.371997819946914,False,True,True,False,False,True,False,False,False,True,True,True,True,False,False,False,False,True,False,False,False,False,False,True,False,False,True,False,False,False,False,False,False,False
omicron_58B,22,MKIYSISTIDESIGNVLSNTYAGAVLGFGSQGHAHAHNLTVAMSDSGHAYGRVGLRKGSRSWEKAEAAVRRSGYDEYLGVLPVAEAVREADVVMVLLPDEKQAQVYREEVEPNLKEGGALAFAHGFNVHFGQIKPRKDLDVWMVAPKGPGHLVRSITSAGASMHTEDKRNQKIGTDGSNWSHPQFEKRPPGGSGVPALVAVHQDASGSAFPTALAYAKAIGAARAGVIATTFKDETETDLFGEQAVLCGGLTRLIRAGFETLVEAGYPPEMAYFETVHEVKLIVDLIYEAGLKGMRYSISNTAEYGDYTRGDLAVPLEETKRRMREILRQIQSGEFAREWMLENQVGSPVLEANRKRWAAH,-58.80456015038317,10,-203.12743844650885,964.0592470390917,30785.0817768357,0.13019390581717452,6.399942413310619,False,True,True,True,True,False,False,False,False,True,True,True,True,False,False,False,False,False,False,False,False,False,False,True,False,False,True,False,False,False,False,False,False,False
omicron2_116B,23,MKIYSVGMQIITLSGAVLGFGSQGHAHAHNLLTATANYIGRVGLRKGSRSWEKAEAAAKNRDGTGMGVLPVAEAVREADVVMVLLPDEKQAQVYREEVEPNLKEGGALAFAHGFNVHFGQIKPRKDLDVWMVAPKGPGHLVRKTFNMAYLTGGCGGSNWSHPQFEKRPPGGSGVPALVAVHQDASGSAFPTALAYAKAIGAARAGVIATTFKDETETDLFGEQAVLCGGLTRLIRAGFETLVEAGYPPEMAYFETVHEVKLIVDLIYEAGLKGMRYSISNTAEYGDYTRGDLAVPLEETKRRMREILRQIQSGEFAREWMLENQVGSPVLEANRKRWAAH,-57.60018882617874,10,-324.46808569634015,-1426.0433353913263,29666.206780179516,0.07058823529411765,6.253983785667131,False,True,True,False,True,True,False,False,False,False,True,True,False,False,False,False,False,True,True,False,False,False,False,True,False,False,True,False,False,False,False,False,False,False
omicron2_12B,24,MKIYGASNNELVMAGLTGAVLGFGSQGHAHAHNLYQHFLALALAGYYAKGRVGLRKGSRSWEKAEAAAEILTGDDKSSLSKSGLGVLPVAEAVREADVVMVLLPDEKQAQVYREEVEPNLKEGGALAFAHGFNVHFGQIKPRKDLDVWMVAPKGPGHLVRSAGAALVAIGYLAGGGGSNWSHPQFEKRPPGGSGVPALVAVHQDASGSAFPTALAYAKAIGAARAGVIATTFKDETETDLFGEQAVLCGGLTRLIRAGFETLVEAGYPPEMAYFETVHEVKLIVDLIYEAGLKGMRYSISNTAEYGDYTRGDLAVPLEETKRRMREILRQIQSGEFAREWMLENQVGSPVLEANRKRWAAH,-57.23058914621356,10,-377.7245381065214,-1535.3961116649077,30030.946261280667,0.10249307479224377,6.16331583724505,False,True,True,False,True,False,False,False,False,True,True,False,True,False,False,False,False,False,False,True,True,False,False,True,False,False,True,False,False,False,False,False,False,False
omicron3_30C,25,MKIYTKDDVNHLTKDFIGAVLGFGSQGHAHAHNLEEALIQQALAAGEEPSVGRVGLRKGSRSWEKAEAAANATYTDDEGAKHAMGVLPVAEAVREADVVMVLLPDEKQAQVYREEVEPNLKEGGALAFAHGFNVHFGQIKPRKDLDVWMVAPKGPGHLVRTENAHAWGSNWSHPQFEKRPPGGSGVPALVAVHQDASGSAFPTALAYAKAIGAARAGVIATTFKDETETDLFGEQAVLCGGLTRLIRAGFETLVEAGYPPEMAYFETVHEVKLIVDLIYEAGLKGMRYSISNTAEYGDYTRGDLAVPLEETKRRMREILRQIQSGEFAREWMLENQVGSPVLEANRKRWAAH,-57.20588864408796,10,-223.00088592009837,-690.7453932933416,30223.15396516068,0.11363636363636363,6.382410812786495,False,True,True,False,False,False,False,False,False,True,False,True,False,True,False,False,False,True,False,True,True,False,False,True,False,False,True,False,False,False,False,False,False,False
sigma_104E,26,MKIYDEEHAAKLMRVSMTLKAGAVLGFGSQGHAHAHNAAVAHLDSAGGDDEYFQKVLKVIVGMQEEEAKKTFEKLKRTTDIALEAAKELGWGPVAEAVREADVVMVLLPDEKQAQVYREEVEPNLKEGGALAFAHGFNVHFGQIKPRKDLDVWMVAPKGPGKDLTDKVGGIGNWSHPQFEKDLKDERVEVFGALVAVHQDASGSAFPTALAYAKAIGAARAGVIATTFKDETETDLFGEQAVLCGGLTRLIRAGFETLVEAGYPPEMAYFETVHEVKLIVDLIYEAGLKGMRYSISNTAEYGDYTRGDLAVPLEETKRRMREILRQIQSGEFAREWMLENQVGSPVLEANRKRWAAH,-56.81228951318724,10,-205.78854586364668,-1801.5674865830256,31029.51436287557,0.18487394957983194,6.459312274177934,False,True,True,False,False,True,False,False,False,True,False,False,False,False,False,False,False,False,False,False,False,True,True,True,False,False,True,False,True,False,False,True,False,False
omicron2_58E,27,MKIYYAIGGQSALQGDGAVLGFGSQGHAHAHNLIAVAFALMNEGIDTAGRVGLRKGSRSWEKAETALKLMHQADDDKFKELKKHGVLPVAEAVREADVVMVLLPDEKQAQVYREEVEPNLKEGGALAFAHGFNVHFGQIKPRKDLDVWMVAPKGPGHLVRSTAAAVAGDDSKYILIPGLGGGSNWSHPQFEKRPPGGSGVPALVAVHQDASGSAFPTALAYAKAIGAARAGVIATTFKDETETDLFGEQAVLCGGLTRLIRAGFETLVEAGYPPEMAYFETVHEVKLIVDLIYEAGLKGMRYSISNTAEYGDYTRGDLAVPLEETKRRMREILRQIQSGEFAREWMLENQVGSPVLEANRKRWAAH,-54.86168302994815,10,-237.826575693937,-893.1582089897323,30430.843716890166,0.14207650273224043,6.314383215360041,False,True,True,True,True,True,False,False,False,True,False,False,False,False,False,False,False,False,False,True,True,False,False,True,False,False,True,False,False,False,False,False,False,False
lambda_combo_59F,28,MKIYYEHDADLGFILGKKVAVLGFGSQGHAHAHNLLNAGIIGRVGLRKGSRSWEKAEAAIARLAGLAVKDDLKITGMGVLPVAEAVREADVVMVLLPDEKQAQVYREEVEPNLKEGGALAFAHGFNVHFGQIKPRKDLDVWMVAPKGPGHLVRKTHDGSAGAALGSNWSHPQFEKRPPGGSGVPALVAVHQDASGSAFPTALAYAKAIGAARAGVIATTFKDETETDLFGEQAVLCGGLTRLIRAGFETLVEAGYPPEMAYFETVHEVKLIVDLIYEAGLKGMRYSISNTAEYGDYTRGDLAVPLEETKRRMREILRQIQSGEFAREWMLENQVGSPVLEANRKRWAAH,-53.808126477973246,10,-314.9649003260198,-188.02781504275745,30137.293803544973,0.0659025787965616,6.142008324047466,False,True,True,False,False,False,False,False,False,False,False,False,True,False,False,False,False,True,False,True,False,False,False,True,False,False,True,False,False,False,True,True,True,False
omicron3_102B,29,MKIYTAGEKGETVPLDSMNGAVLGFGSQGHAHAHNLIADGADGRVGLRKGSRSWEKAENALLASSGGQDAKKILAASYGVLPVAEAVREADVVMVLLPDEKQAQVYREEVEPNLKEGGALAFAHGFNVHFGQIKPRKDLDVWMVAPKGPGHLVRSQAGGGSNWSHPQFEKRPPGGSGVPALVAVHQDASGSAFPTALAYAKAIGAARAGVIATTFKDETETDLFGEQAVLCGGLTRLIRAGFETLVEAGYPPEMAYFETVHEVKLIVDLIYEAGLKGMRYSISNTAEYGDYTRGDLAVPLEETKRRMREILRQIQSGEFAREWMLENQVGSPVLEANRKRWAAH,-53.40114023201363,10,-182.62869578687486,-2035.3723981844532,30588.523254140182,0.0755813953488372,6.367037477599304,False,True,True,False,False,False,False,False,False,False,False,False,True,False,False,False,False,False,False,True,True,False,False,True,False,False,True,False,False,False,True,True,False,True
rho_104F,30,MKIYTGEQNHEQALLAAALIGAVLGFGSQGHAHAHNLYDMATALGGGLVLVGAQPDEAKTFESNLKKDQTIGAGYALAQALGWGPVAEAVREADVVMVLLPDEKQAQVYREEVEPNLKEGGALAFAHGFNVHFGQIKPRKDLDVWMVAPKGPGEKLLKAETENWSHPQFEKSGERSSTRDGALVAVHQDASGSAFPTALAYAKAIGAARAGVIATTFKDETETDLFGEQAVLCGGLTRLIRAGFETLVEAGYPPEMAYFETVHEVKLIVDLIYEAGLKGMRYSISNTAEYGDYTRGDLAVPLEETKRRMREILRQIQSGEFAREWMLENQVGSPVLEANRKRWAAH,-53.28750746315029,10,-182.2479053090946,-1704.2970250813646,30519.44268795316,0.16473988439306358,6.418597826548707,False,True,True,False,False,True,True,False,False,False,False,False,False,True,False,False,False,False,False,False,False,False,False,True,False,False,True,False,True,False,True,True,False,False
omicron2_73B,31,MKIYTADEPRNRLNVSGAVLGFGSQGHAHAHNLIATRLTSDLDLKAEGRVGLRKGSRSWEKAEAVIKTQYGGAGGVAVLGVLPVAEAVREADVVMVLLPDEKQAQVYREEVEPNLKEGGALAFAHGFNVHFGQIKPRKDLDVWMVAPKGPGHLVRSTAVGLALKKGDRNGGPGSGSNWSHPQFEKRPPGGSGVPALVAVHQDASGSAFPTALAYAKAIGAARAGVIATTFKDETETDLFGEQAVLCGGLTRLIRAGFETLVEAGYPPEMAYFETVHEVKLIVDLIYEAGLKGMRYSISNTAEYGDYTRGDLAVPLEETKRRMREILRQIQSGEFAREWMLENQVGSPVLEANRKRWAAH,-53.17739633186261,10,-340.3148700486217,-1717.9261926731117,30260.25910655271,0.10306406685236769,6.251395863527149,False,True,True,True,True,False,False,False,False,True,False,True,True,False,False,False,False,True,False,False,False,False,False,True,False,False,True,False,False,False,False,False,False,False
omicron_70C,32,MKIYTMGSTESRIFDGTGAVLGFGSQGHAHAHNMLAAIHAYLAAYPHTDMTAGRVGLRKGSRSWEKAEAALNLLGLLEHFLSTGFAGVLPVAEAVREADVVMVLLPDEKQAQVYREEVEPNLKEGGALAFAHGFNVHFGQIKPRKDLDVWMVAPKGPGHLVRSGCGAGAGDGHASAVGSNWSHPQFEKRPPGGSGVPALVAVHQDASGSAFPTALAYAKAIGAARAGVIATTFKDETETDLFGEQAVLCGGLTRLIRAGFETLVEAGYPPEMAYFETVHEVKLIVDLIYEAGLKGMRYSISNTAEYGDYTRGDLAVPLEETKRRMREILRQIQSGEFAREWMLENQVGSPVLEANRKRWAAH,-75.02716973631709,9,-228.74432811543423,-1976.3849715973026,30163.817277420803,0.12154696132596685,6.41101710444939,False,True,True,False,False,True,False,False,False,True,True,False,True,False,False,False,False,False,False,True,False,False,False,True,False,False,True,False,False,False,False,False,False,False
omicron_48C,33,MKIYTSSDSSAAEGALSLGRGAVLGFGSQGHAHAHNLLVGIMDNLVNHKEEIEEDGAGRVGLRKGSRSWEKAEAALKAADLVGDDAAGVLPVAEAVREADVVMVLLPDEKQAQVYREEVEPNLKEGGALAFAHGFNVHFGQIKPRKDLDVWMVAPKGPGHLVRSTGAVAASSEAMKKDAGGYGSNWSHPQFEKRPPGGSGVPALVAVHQDASGSAFPTALAYAKAIGAARAGVIATTFKDETETDLFGEQAVLCGGLTRLIRAGFETLVEAGYPPEMAYFETVHEVKLIVDLIYEAGLKGMRYSISNTAEYGDYTRGDLAVPLEETKRRMREILRQIQSGEFAREWMLENQVGSPVLEANRKRWAAH,-69.98974006928279,9,-246.6069129433465,-1573.4157648770095,30975.6541770197,0.10899182561307902,6.412575951483773,False,True,True,False,False,False,False,False,False,True,True,True,False,False,False,False,False,False,True,True,False,False,False,True,False,False,True,False,False,False,False,False,False,False
omicron2_208F,34,MKIYSINQMEERLFKQWRVGAVLGFGSQGHAHAHNLAATANSLNAPRLGRVGLRKGSRSWEKAEAAVKIANQDENTRALGVLPVAEAVREADVVMVLLPDEKQAQVYREEVEPNLKEGGALAFAHGFNVHFGQIKPRKDLDVWMVAPKGPGHLVRSEAGAGVGMNGGSNWSHPQFEKRPPGGSGVPALVAVHQDASGSAFPTALAYAKAIGAARAGVIATTFKDETETDLFGEQAVLCGGLTRLIRAGFETLVEAGYPPEMAYFETVHEVKLIVDLIYEAGLKGMRYSISNTAEYGDYTRGDLAVPLEETKRRMREILRQIQSGEFAREWMLENQVGSPVLEANRKRWAAH,-66.17449794019512,9,-266.59420799537435,-1900.5063064817489,29758.703916977232,0.10541310541310542,6.309038732482399,False,True,True,False,False,False,False,False,False,False,True,False,True,False,False,False,False,True,False,True,True,False,False,True,False,False,True,False,False,False,False,False,False,False
lambda_combo_158D,35,MKIYYEHDADLGFILGKKVAVLGFGSQGHAHAHNLLTAFLWANSNGTGRVGLRKGSRSWEKAEAAILLLNAGGEGQHPQYTGVLPVAEAVREADVVMVLLPDEKQAQVYREEVEPNLKEGGALAFAHGFNVHFGQIKPRKDLDVWMVAPKGPGHLVRATAFQSSNTYSTYDAAHLAVDLGSNWSHPQFEKRPPGGSGVPALVAVHQDASGSAFPTALAYAKAIGAARAGVIATTFKDETETDLFGEQAVLCGGLTRLIRAGFETLVEAGYPPEMAYFETVHEVKLIVDLIYEAGLKGMRYSISNTAEYGDYTRGDLAVPLEETKRRMREILRQIQSGEFAREWMLENQVGSPVLEANRKRWAAH,-64.52433706235081,9,-190.71796036490306,-1376.1899844155932,30215.928883833836,0.0989010989010989,6.912026851820409,False,True,True,False,False,False,False,False,False,False,False,False,True,False,False,False,False,True,False,True,True,False,False,True,False,False,True,False,False,False,True,False,False,False
omicron3_55C,36,MKIYDSNGDKDKDEKTFQKEMRLIGAVLGFGSQGHAHAHNLIAALQDAGIEDAFGRVGLRKGSRSWEKAVNALANNTEEVKKYNRAAGWGVLPVAEAVREADVVMVLLPDEKQAQVYREEVEPNLKEGGALAFAHGFNVHFGQIKPRKDLDVWMVAPKGPGHLVRSQRGAGSNWSHPQFEKRPPGGSGVPALVAVHQDASGSAFPTALAYAKAIGAARAGVIATTFKDETETDLFGEQAVLCGGLTRLIRAGFETLVEAGYPPEMAYFETVHEVKLIVDLIYEAGLKGMRYSISNTAEYGDYTRGDLAVPLEETKRRMREILRQIQSGEFAREWMLENQVGSPVLEANRKRWAAH,-63.691866031601876,9,-212.61376057309468,-2087.439092361429,31363.351649288477,0.09859154929577464,6.421647507958468,False,True,True,False,False,False,False,False,False,False,False,True,False,True,False,False,False,False,False,True,False,False,False,True,False,False,True,False,False,False,True,True,False,False
omicron_28C,37,MKIYYVTTAPEMTGLYGAVLGFGSQGHAHAHNFLRSATSAQATTNRTGLGRVGLRKGSRSWEKAENAILLGDEARAAGTGVLPVAEAVREADVVMVLLPDEKQAQVYREEVEPNLKEGGALAFAHGFNVHFGQIKPRKDLDVWMVAPKGPGHLVRSTAAVASAVDNTETGEVGQGSNWSHPQFEKRPPGGSGVPALVAVHQDASGSAFPTALAYAKAIGAARAGVIATTFKDETETDLFGEQAVLCGGLTRLIRAGFETLVEAGYPPEMAYFETVHEVKLIVDLIYEAGLKGMRYSISNTAEYGDYTRGDLAVPLEETKRRMREILRQIQSGEFAREWMLENQVGSPVLEANRKRWAAH,-63.37525734796532,9,-271.33977590747736,-2103.8224035802377,30150.752130491346,0.10863509749303621,6.368330695561918,False,True,True,False,True,False,False,False,False,True,False,False,False,False,False,False,False,True,False,True,False,True,False,True,False,False,True,False,False,False,False,False,False,False
lambda_comboplus_69F,38,MKIYYEHDADLGFILGKKVAVLGFGSQGHAHAHNLMMAFLDNNAPGEGRVGLRKGSRSWEKAEAAAMRAAGALGYYMERLGVLPVAEAVREADVVMVLLPDEKQAQVYREEVEPNLKEGGALAFAHGFNVHFGQIKPRKDLDVWMVAPKGPGHLVRKSTQYGSDAAANWSHPQFEKDEELKAAKKALALQKGPALVAVHQDASGSAFPTALAYAKALHMLGETSGGIATTFKDETETDLFGEQAVLCGGLTRLIRAGFETLVEAGYPPEMAYFETVHEVKLIVDLIYEAGLKGMRYSISNTAEYGDYTRGDLAVPLEETKRRMREILRQIQSGEFAREWMLENQVGSPVLEANRKRWAAH,-62.72862205650222,9,-377.5198388874595,-955.5942605957788,30146.182571499914,0.12777777777777777,6.701941294588593,False,True,True,False,False,False,False,False,False,False,False,False,False,True,False,False,False,False,False,True,True,False,False,True,False,True,True,False,False,False,False,True,False,False
omicron3_42B,39,MKIYDDKVVDSLKKHSELYKAGAVLGFGSQGHAHAHNLLTAASSSDHDLGDGRVGLRKGSRSWEKAEAAVTGTAGNDAEKAKSENSARGVLPVAEAVREADVVMVLLPDEKQAQVYREEVEPNLKEGGALAFAHGFNVHFGQIKPRKDLDVWMVAPKGPGHLVRSQASVGSNWSHPQFEKRPPGGSGVPALVAVHQDASGSAFPTALAYAKAIGAARAGVIATTFKDETETDLFGEQAVLCGGLTRLIRAGFETLVEAGYPPEMAYFETVHEVKLIVDLIYEAGLKGMRYSISNTAEYGDYTRGDLAVPLEETKRRMREILRQIQSGEFAREWMLENQVGSPVLEANRKRWAAH,-61.123107338815544,9,-243.55103650322252,-1956.9887779192877,30732.50584302845,0.11581920903954802,6.381218316344812,False,True,True,False,False,False,False,False,False,True,False,False,False,True,False,False,False,False,False,True,True,False,False,True,False,False,True,False,False,False,False,True,False,False
omicron_5C,40,MKIYSLMTMQEEDEDALAKNANGAVLGFGSQGHAHAHNLAATASGSYLGRVGLRKGSRSWEKAEAAARINGNMAGVLPVAEAVREADVVMVLLPDEKQAQVYREEVEPNLKEGGALAFAHGFNVHFGQIKPRKDLDVWMVAPKGPGHLVRSTAAAGVGHGTLSAAKVIGGGGSNWSHPQFEKRPPGGSGVPALVAVHQDASGSAFPTALAYAKAIGAARAGVIATTFKDETETDLFGEQAVLCGGLTRLIRAGFETLVEAGYPPEMAYFETVHEVKLIVDLIYEAGLKGMRYSISNTAEYGDYTRGDLAVPLEETKRRMREILRQIQSGEFAREWMLENQVGSPVLEANRKRWAAH,-60.62420076975832,9,-245.63715388491045,-1265.8099013536278,30344.89718086907,0.0898876404494382,6.314388906707638,False,True,True,False,True,False,False,False,False,True,False,True,True,False,False,False,False,True,False,False,False,False,False,True,False,False,True,False,False,False,False,False,False,False
omicron3_78E,41,MKIYRETDTSQVLKIIKLGAVLGFGSQGHAHAHNLNAVMRARSPDALGRVGLRKGSRSWEKAENALRALWGDHNAGVLPVAEAVREADVVMVLLPDEKQAQVYREEVEPNLKEGGALAFAHGFNVHFGQIKPRKDLDVWMVAPKGPGHLVRSSYAYGSNWSHPQFEKRPPGGSGVPALVAVHQDASGSAFPTALAYAKAIGAARAGVIATTFKDETETDLFGEQAVLCGGLTRLIRAGFETLVEAGYPPEMAYFETVHEVKLIVDLIYEAGLKGMRYSISNTAEYGDYTRGDLAVPLEETKRRMREILRQIQSGEFAREWMLENQVGSPVLEANRKRWAAH,-59.94542628932743,9,-201.84241693853744,-1977.0369445565627,29874.077984095118,0.06158357771260997,6.440414615169216,False,True,True,False,False,False,False,False,False,False,False,True,False,True,False,False,False,True,False,True,False,True,False,True,False,False,True,False,False,False,False,False,False,False
omicron_99E,42,MKIYTANDQMQRYWKRYKAGAVLGFGSQGHAHAHNAAEYGWRTGVQGRVGLRKGSRSWEKAEAAADALNWDAENVPLGVLPVAEAVREADVVMVLLPDEKQAQVYREEVEPNLKEGGALAFAHGFNVHFGQIKPRKDLDVWMVAPKGPGHLVRSQSGGAAFDVVNGSPGSNWSHPQFEKRPPGGSGVPALVAVHQDASGSAFPTALAYAKAIGAARAGVIATTFKDETETDLFGEQAVLCGGLTRLIRAGFETLVEAGYPPEMAYFETVHEVKLIVDLIYEAGLKGMRYSISNTAEYGDYTRGDLAVPLEETKRRMREILRQIQSGEFAREWMLENQVGSPVLEANRKRWAAH,-58.71711585272374,9,-285.0444175095354,-1754.5692457039559,30094.788698774464,0.11614730878186968,6.348325569792585,False,True,True,False,False,True,False,False,False,False,True,False,False,False,False,False,False,False,False,True,True,False,False,True,False,False,True,False,False,False,True,False,False,False
rho_65D,43,MKIYYAKSVEEIVKDVLNKVKMGAVLGFGSQGHAHAHNLQDDAIALANEGNMMEVVVGASEEERKALGEIMSEIATVAGFGLRLGPVAEAVREADVVMVLLPDEKQAQVYREEVEPNLKEGGALAFAHGFNVHFGQIKPRKDLDVWMVAPKGPGEAMIKTAANGNWSHPQFEKSIDDRSDIKLGALVAVHQDASGSAFPTALAYAKAIGAARAGVIATTFKDETETDLFGEQAVLCGGLTRLIRAGFETLVEAGYPPEMAYFETVHEVKLIVDLIYEAGLKGMRYSISNTAEYGDYTRGDLAVPLEETKRRMREILRQIQSGEFAREWMLENQVGSPVLEANRKRWAAH,-58.531519848029006,9,-197.7728275142905,-1719.045883685954,30212.935341642922,0.166189111747851,6.551655817325444,False,True,True,False,False,False,False,False,False,False,False,False,False,True,False,False,False,True,True,False,False,False,False,True,True,True,False,False,False,False,True,False,False,False
omicron_52C,44,MKIYRASDIDLSDMAGTAGAVLGFGSQGHAHAHNLKNASIGLPGVQGRVGLRKGSRSWEKAEAADLKAGALEGQIKEDGIKGVLPVAEAVREADVVMVLLPDEKQAQVYREEVEPNLKEGGALAFAHGFNVHFGQIKPRKDLDVWMVAPKGPGHLVRSTNGGLVASDSADELGGEGSNWSHPQFEKRPPGGSGVPALVAVHQDASGSAFPTALAYAKAIGAARAGVIATTFKDETETDLFGEQAVLCGGLTRLIRAGFETLVEAGYPPEMAYFETVHEVKLIVDLIYEAGLKGMRYSISNTAEYGDYTRGDLAVPLEETKRRMREILRQIQSGEFAREWMLENQVGSPVLEANRKRWAAH,-56.97160119735918,9,-222.96055865796393,-890.9422391611132,30079.740097626902,0.09722222222222222,6.373875219054925,False,True,True,False,False,False,False,False,False,True,False,False,True,False,False,False,False,True,True,True,False,False,False,True,False,False,True,False,False,False,False,False,False,False
lambda_comboplus_62C,45,MKIYYEHDADLGFILGKKVAVLGFGSQGHAHAHNLYIATNGVGRVGLRKGSRSWEKAVAAIATLYHALEEQTQGAEGMGVLPVAEAVREADVVMVLLPDEKQAQVYREEVEPNLKEGGALAFAHGFNVHFGQIKPRKDLDVWMVAPKGPGHLVRATVTGEQVHDLAAALNSNWSHPQFEKGDDLNASMDELKNNGPALVAVHQDASGSAFPTALAYAKAIHWGKTMVGIATTFKDETETDLFGEQAVLCGGLTRLIRAGFETLVEAGYPPEMAYFETVHEVKLIVDLIYEAGLKGMRYSISNTAEYGDYTRGDLAVPLEETKRRMREILRQIQSGEFAREWMLENQVGSPVLEANRKRWAAH,-56.599145913565735,9,-296.38351255331986,-1876.5193531238508,31388.016805174964,0.1270718232044199,6.104295128434197,False,True,True,False,False,False,False,False,False,False,False,False,False,False,False,False,False,False,False,True,True,False,False,True,False,True,True,True,False,False,True,False,False,False
eta_comboplus_689B,46,MKIYYEHDADLGFILGKKVAVLGFGSQGHAHAHNLANTFTTVAAATGQPAAAGRVGLRKGSRSWEKAEKLYTESVDQNGLVGVLPVAEAVREADVVMVLLPDEKQAQVYREEVEPNLKEGGALAFAHGFNVHFGQIKPRKDLDVWMVAPKGPGHLVRAATFEGAAELAAGKEVADLVKNWSHPQFEKDSSKSMKKNNKGPALVAVHQDASGSAFPTALAYAKALHFLNPAIMAGIATTFKDETETDLFGEQAVLCGGLTRLIRAGFETLVEAGYPPEMAYFETVHEVKLIVDLIYEAGLKGMRYSISNTAEYGDYTRGDLAVPLEETKRRMREILRQIQSGEFAREWMLENQVGSPVLEANRKRWAAH,-54.867269360234786,9,-273.84287520527886,-630.9571594954064,30650.67403319572,0.13858695652173914,6.393929919983437,False,True,False,False,False,False,True,False,False,False,False,False,False,True,True,False,False,False,False,True,False,True,False,True,False,True,False,True,False,False,False,False,False,False
omicron3_9E,47,MKIYTDDDIQSEIEAKYKKTHSVGAVLGFGSQGHAHAHNARAAGSNGRVGLRKGSRSWEKAEAAIRATNWSAIKEVLSKHGVLPVAEAVREADVVMVLLPDEKQAQVYREEVEPNLKEGGALAFAHGFNVHFGQIKPRKDLDVWMVAPKGPGHLVRSQSNGLGSNWSHPQFEKRPPGGSGVPALVAVHQDASGSAFPTALAYAKAIGAARAGVIATTFKDETETDLFGEQAVLCGGLTRLIRAGFETLVEAGYPPEMAYFETVHEVKLIVDLIYEAGLKGMRYSISNTAEYGDYTRGDLAVPLEETKRRMREILRQIQSGEFAREWMLENQVGSPVLEANRKRWAAH,-52.647511961031114,9,-203.37990835999872,-1875.3966357240636,30797.446077107717,0.09510086455331412,6.3849834018205165,False,True,True,False,False,False,False,False,False,False,False,True,False,True,False,False,False,False,False,True,True,False,False,True,False,False,True,False,False,False,True,False,False,False
omicron_50C,48,PEVITSDGGESGTGAVLGFGSQGHAHAHNLIAASKMEAKNIHIEGGRVGLRKGSRSWEKAEAALRASSGARPETGSTDNGVLPVAEAVREADVVMVLLPDEKQAQVYREEVEPNLKEGGALAFAHGFNVHFGQIKPRKDLDVWMVAPKGPGHLVRSANGGAGGGSNWSHPQFEKRPPGGSGVPALVAVHQDASGSAFPTALAYAKAIGAARAGVIATTFKDETETDLFGEQAVLCGGLTRLIRAGFETLVEAGYPPEMAYFETVHEVKLIVDLIYEAGLKGMRYSISNTAEYGDYTRGDLAVPLEETKRRMREILRQIQSGEFAREWMLENQVGSPVLEANRKRWAAH,-52.36146730757173,9,-186.11172899419796,-2061.318624015959,30283.112602918733,0.09195402298850575,7.193664365829523,False,True,True,False,False,False,False,False,False,True,True,True,True,False,False,False,False,False,False,True,False,False,False,True,False,False,True,False,False,False,False,False,False,False
omicron3_25C,49,MKIYTDDKSLAEAVNFLVARNLNGAVLGFGSQGHAHAHNLMAVFAMNADNVRTQGRVGLRKGSRSWEKAEAAAAEGHSTLGVLPVAEAVREADVVMVLLPDEKQAQVYREEVEPNLKEGGALAFAHGFNVHFGQIKPRKDLDVWMVAPKGPGHLVRSQFAGGSNWSHPQFEKRPPGGSGVPALVAVHQDASGSAFPTALAYAKAIGAARAGVIATTFKDETETDLFGEQAVLCGGLTRLIRAGFETLVEAGYPPEMAYFETVHEVKLIVDLIYEAGLKGMRYSISNTAEYGDYTRGDLAVPLEETKRRMREILRQIQSGEFAREWMLENQVGSPVLEANRKRWAAH,-51.96346879581108,9,-220.86081589979324,-1547.8910559846581,29907.49843291246,0.09826589595375723,6.3430308869672976,False,True,True,False,False,False,False,False,False,True,True,False,True,False,False,False,False,False,False,True,False,True,False,True,False,False,True,False,False,False,False,False,False,False
lambda_combo_58F,50,MKIYYEHDADLGFILGKKVAVLGFGSQGHAHAHNMMATNNDNDKYKGIGRVGLRKGSRSWEKAEEAIKRAGWSMDDANAAGVLPVAEAVREADVVMVLLPDEKQAQVYREEVEPNLKEGGALAFAHGFNVHFGQIKPRKDLDVWMVAPKGPGHLVRTVAQGSGNSNVDPSLLELALKMGSNWSHPQFEKRPPGGSGVPALVAVHQDASGSAFPTALAYAKAIGAARAGVIATTFKDETETDLFGEQAVLCGGLTRLIRAGFETLVEAGYPPEMAYFETVHEVKLIVDLIYEAGLKGMRYSISNTAEYGDYTRGDLAVPLEETKRRMREILRQIQSGEFAREWMLENQVGSPVLEANRKRWAAH,-69.41354892467734,8,-240.78827664712614,-1205.4088363784524,30368.61918409893,0.08264462809917356,6.995726900521317,False,True,True,False,False,False,False,False,False,False,False,False,False,False,True,False,False,False,False,True,False,False,False,True,False,True,True,True,False,False,False,False,False,False
lambda_combo_111E,51,MKIYYEHDADLGFILGKKVAVLGFGSQGHAHAHNLATTALDALQAGEQAGMGRVGLRKGSRSWEKAEAAIKLAYMEAKDDTLGMGVLPVAEAVREADVVMVLLPDEKQAQVYREEVEPNLKEGGALAFAHGFNVHFGQIKPRKDLDVWMVAPKGPGHLVRLSAGGVGHEKAQKGEEDKYGSNWSHPQFEKRPPGGSGVPALVAVHQDASGSAFPTALAYAKAIGAARAGVIATTFKDETETDLFGEQAVLCGGLTRLIRAGFETLVEAGYPPEMAYFETVHEVKLIVDLIYEAGLKGMRYSISNTAEYGDYTRGDLAVPLEETKRRMREILRQIQSGEFAREWMLENQVGSPVLEANRKRWAAH,-65.93922962569934,8,-240.07900979350364,-1187.7931634666843,31051.675165211025,0.09065934065934066,7.1529290826044045,False,True,True,False,False,False,False,False,False,True,False,False,False,False,False,False,False,True,True,False,False,False,False,True,False,True,True,False,False,False,False,False,False,False
omicron3_48D,52,MKIYTEDMELYTTGTGAVLGFGSQGHAHAHNSEAYAQQVYENRQFVMLHEGRVGLRKGSRSWEKAEAAGSISGMGVLPVAEAVREADVVMVLLPDEKQAQVYREEVEPNLKEGGALAFAHGFNVHFGQIKPRKDLDVWMVAPKGPGHLVRATGNAWGSNWSHPQFEKRPPGGSGVPALVAVHQDASGSAFPTALAYAKAIGAARAGVIATTFKDETETDLFGEQAVLCGGLTRLIRAGFETLVEAGYPPEMAYFETVHEVKLIVDLIYEAGLKGMRYSISNTAEYGDYTRGDLAVPLEETKRRMREILRQIQSGEFAREWMLENQVGSPVLEANRKRWAAH,-63.82221477321309,8,-221.69405474324117,1007.2209959707492,29708.337732900472,0.08797653958944282,6.340240881736336,False,True,True,False,False,False,False,True,False,True,False,False,False,False,False,False,False,False,False,False,False,True,True,True,False,False,True,False,False,False,False,False,False,False
lambda_combo_130D,53,MKIYYEHDADLGFILGKKVAVLGFGSQGHAHAHNMVDTQRSNQTASGRVGLRKGSRSWEKAEAAIKNDNGEAKMVGVLPVAEAVREADVVMVLLPDEKQAQVYREEVEPNLKEGGALAFAHGFNVHFGQIKPRKDLDVWMVAPKGPGHLVRGVSHNQAAESDAESKLKDMNKMGSNWSHPQFEKRPPGGSGVPALVAVHQDASGSAFPTALAYAKAIGAARAGVIATTFKDETETDLFGEQAVLCGGLTRLIRAGFETLVEAGYPPEMAYFETVHEVKLIVDLIYEAGLKGMRYSISNTAEYGDYTRGDLAVPLEETKRRMREILRQIQSGEFAREWMLENQVGSPVLEANRKRWAAH,-63.20945159933774,8,-240.5122354683224,-476.36409171806645,30521.2663786101,0.08379888268156424,7.068855513262469,False,True,True,False,False,False,False,False,False,False,False,False,False,False,False,False,False,False,True,True,True,False,False,True,False,True,True,False,False,False,False,False,False,False
lambda_comboplus_137B,54,MKIYYEHDADLGFILGKKVAVLGFGSQGHAHAHNMAKANLDAGANSENIQIGQGRVGLRKGSRSWEKAEAAIQLMVASDDGRNWEGALGVLPVAEAVREADVVMVLLPDEKQAQVYREEVEPNLKEGGALAFAHGFNVHFGQIKPRKDLDVWMVAPKGPGHLVRLKADKKDDLNEEHDDDTQKKIESNWSHPQFEKYVEQDEVQKKIKSNAMLMGPALVAVHQDASGSAFPTALAYAKATGKGATLLGIATTFKDETETDLFGEQAVLCGGLTRLIRAGFETLVEAGYPPEMAYFETVHEVKLIVDLIYEAGLKGMRYSISNTAEYGDYTRGDLAVPLEETKRRMREILRQIQSGEFAREWMLENQVGSPVLEANRKRWAAH,-62.65729502353793,8,-123.4694972627907,-1632.6400433737647,31713.049557101087,0.19633507853403143,7.173543693466282,False,True,False,True,False,True,False,False,False,False,False,False,False,False,False,False,False,False,False,True,True,False,False,True,False,True,True,False,False,False,False,False,False,False
omicron3_11C,55,MKIYDESSSQAAEDDKHARLTGAVLGFGSQGHAHAHNLLAWALDWQAYLNVVDHEAYGRVGLRKGSRSWEKAENAFKHLSSDDDLLGVLPVAEAVREADVVMVLLPDEKQAQVYREEVEPNLKEGGALAFAHGFNVHFGQIKPRKDLDVWMVAPKGPGHLVRSTASGGSNWSHPQFEKRPPGGSGVPALVAVHQDASGSAFPTALAYAKAIGAARAGVIATTFKDETETDLFGEQAVLCGGLTRLIRAGFETLVEAGYPPEMAYFETVHEVKLIVDLIYEAGLKGMRYSISNTAEYGDYTRGDLAVPLEETKRRMREILRQIQSGEFAREWMLENQVGSPVLEANRKRWAAH,-59.96034094419383,8,-256.22419813161997,-1597.3360787187003,30753.857906330664,0.10227272727272728,6.410909872030734,False,True,True,False,False,False,False,False,False,True,False,False,True,False,False,False,False,True,False,True,False,False,False,True,False,False,True,False,False,False,False,False,False,False
omicron3_60B,56,MKIYTESIQFDADKDHNGGAVLGFGSQGHAHAHNLAIALLDHHLAKNLNAIAFGRVGLRKGSRSWEKAEAATKKAGQEEPKGALGVLPVAEAVREADVVMVLLPDEKQAQVYREEVEPNLKEGGALAFAHGFNVHFGQIKPRKDLDVWMVAPKGPGHLVREINAGGGGSNWSHPQFEKRPPGGSGVPALVAVHQDASGSAFPTALAYAKAIGAARAGVIATTFKDETETDLFGEQAVLCGGLTRLIRAGFETLVEAGYPPEMAYFETVHEVKLIVDLIYEAGLKGMRYSISNTAEYGDYTRGDLAVPLEETKRRMREILRQIQSGEFAREWMLENQVGSPVLEANRKRWAAH,-59.02300441029888,8,-283.05857404315054,-2135.0407808529008,30648.64190368402,0.09375,6.328284683043878,False,True,True,False,False,False,False,False,False,True,False,False,True,False,False,False,False,False,False,True,True,False,False,True,False,False,True,False,False,False,False,False,False,False
omicron_157F,57,MKIYSATSEMEKIQRKMLSLRYGGAVLGFGSQGHAHAHNLFMATMMIMDSGGIFGRVGLRKGSRSWEKAENAAKQAGNGAGMGVLPVAEAVREADVVMVLLPDEKQAQVYREEVEPNLKEGGALAFAHGFNVHFGQIKPRKDLDVWMVAPKGPGHLVRATGAVAAKPENAEEIGGEGSNWSHPQFEKRPPGGSGVPALVAVHQDASGSAFPTALAYAKAIGAARAGVIATTFKDETETDLFGEQAVLCGGLTRLIRAGFETLVEAGYPPEMAYFETVHEVKLIVDLIYEAGLKGMRYSISNTAEYGDYTRGDLAVPLEETKRRMREILRQIQSGEFAREWMLENQVGSPVLEANRKRWAAH,-58.398921470010464,8,-172.62534352398637,-1705.0338711364634,30247.951851397585,0.12188365650969529,6.344114066804316,False,True,True,False,False,False,False,False,False,False,True,True,False,False,False,False,False,True,True,False,False,False,False,True,False,False,True,False,False,False,False,False,False,False
omicron3_96E,58,MKIYSGGPRDSVGTVAVIGFGELGAAHATNTTYATSSGIGRVGLRKGSRSWEKAEAAAKGSGGGAAEVMGVLPVAEAVREADVVMVLLPDEKQAQVYREEVEPNLKEGGALAFAHGFNVHFGQIKPRKDLDVWMVAPKGPGHLVRATGMAPGSNWSHPQFEKRPPGGSGVPALVAVHQDASGSAFPTALAYAKAIGAARAGVIATTFKDETETDLFGEQAVLCGGLTRLIRAGFETLVEAGYPPEMAYFETVHEVKLIVDLIYEAGLKGMRYSISNTAEYGDYTRGDLAVPLEETKRRMREILRQIQSGEFAREWMLENQVGSPVLEANRKRWAAH,-58.000499496324665,8,-228.16497772334412,-2124.6830606172603,29697.44488481417,0.10416666666666667,6.347979369486955,False,True,True,False,False,False,False,False,False,False,False,False,True,False,False,False,False,True,True,True,False,False,False,True,False,False,True,False,False,False,False,False,False,False
lambda_combo_89F,59,MKIYYEHDADLGFILGKKVAVLGFGSQGHAHAHNLLVAFLRGAAKENNAGEGRVGLRKGSRSWEKAENAAMALGDGDSTQKVAGLGVLPVAEAVREADVVMVLLPDEKQAQVYREEVEPNLKEGGALAFAHGFNVHFGQIKPRKDLDVWMVAPKGPGHLVRLIFEGVQDDSGDKLGSNWSHPQFEKRPPGGSGVPALVAVHQDASGSAFPTALAYAKAIGAARAGVIATTFKDETETDLFGEQAVLCGGLTRLIRAGFETLVEAGYPPEMAYFETVHEVKLIVDLIYEAGLKGMRYSISNTAEYGDYTRGDLAVPLEETKRRMREILRQIQSGEFAREWMLENQVGSPVLEANRKRWAAH,-57.72343433413198,8,-327.6026360337829,-1246.798900629123,30812.11560825583,0.05555555555555555,6.5641239821681,False,True,True,False,False,False,False,False,False,True,False,False,False,False,False,False,False,True,False,False,True,False,False,True,False,True,True,False,False,False,False,False,False,False
rho_44D,60,MKIYFEHVSTMQKKAGAVLGFGSQGHAHAHNAWAAHMNWAVEYKDESEYGYVKVGMENGKHEEELKKLIEALQKLRDGLQVGPVAEAVREADVVMVLLPDEKQAQVYREEVEPNLKEGGALAFAHGFNVHFGQIKPRKDLDVWMVAPKGPGEALLIKLANIGNWSHPQFEKYVPKNLKDLAKIGALVAVHQDASGSAFPTALAYAKAIGAARAGVIATTFKDETETDLFGEQAVLCGGLTRLIRAGFETLVEAGYPPEMAYFETVHEVKLIVDLIYEAGLKGMRYSISNTAEYGDYTRGDLAVPLEETKRRMREILRQIQSGEFAREWMLENQVGSPVLEANRKRWAAH,-57.30497642297212,8,-209.96365656916828,-1390.0251518663076,30579.136966507176,0.15472779369627507,6.398112037157535,False,True,True,False,False,True,False,False,False,True,False,False,False,False,False,False,False,True,False,False,False,False,False,True,False,True,True,False,False,False,False,False,False,False
lambda_combo_100E,61,MKIYYEHDADLGFILGKKVAVLGFGSQGHAHAHNLVAAVLWYLAAHKDEASQQGTGRVGLRKGSRSWEKAEAAAKRANIDKDAWLGVLPVAEAVREADVVMVLLPDEKQAQVYREEVEPNLKEGGALAFAHGFNVHFGQIKPRKDLDVWMVAPKGPGHLVRKRFAGGGGGGSNWSHPQFEKRPPGGSGVPALVAVHQDASGSAFPTALAYAKAIGAARAGVIATTFKDETETDLFGEQAVLCGGLTRLIRAGFETLVEAGYPPEMAYFETVHEVKLIVDLIYEAGLKGMRYSISNTAEYGDYTRGDLAVPLEETKRRMREILRQIQSGEFAREWMLENQVGSPVLEANRKRWAAH,-56.94492248255642,8,-201.21301800209582,48.432179589595954,29901.04325898227,0.061971830985915494,6.8626426680799755,False,True,True,False,False,False,False,False,False,True,False,True,False,False,False,False,False,True,False,False,True,False,False,True,False,False,True,False,False,False,False,False,False,False
lambda_combo_41B,62,MKIYYEHDADLGFILGKKVAVLGFGSQGHAHAHNLAAAIKNQSAALELEEPSGMGRVGLRKGSRSWEKAEAAIAREGEKDQQLSSETDRGVLPVAEAVREADVVMVLLPDEKQAQVYREEVEPNLKEGGALAFAHGFNVHFGQIKPRKDLDVWMVAPKGPGHLVRTSFQIGDSAMDENASQGATVPPGSNWSHPQFEKRPPGGSGVPALVAVHQDASGSAFPTALAYAKAIGAARAGVIATTFKDETETDLFGEQAVLCGGLTRLIRAGFETLVEAGYPPEMAYFETVHEVKLIVDLIYEAGLKGMRYSISNTAEYGDYTRGDLAVPLEETKRRMREILRQIQSGEFAREWMLENQVGSPVLEANRKRWAAH,-56.119706302121585,8,-246.83501076850442,-38.80960052923061,30416.17190517851,0.11559139784946236,6.941251616520782,False,True,True,False,False,False,False,False,False,True,False,False,False,False,False,False,False,False,False,True,True,False,False,True,False,True,True,False,False,False,False,False,False,False
omicron2_154D,63,MKIYDTRTDEAEIKKQLASLGIGAVLGFGSQGHAHAHNLQGVLAELGSETGAYGRVGLRKGSRSWEKADTALARAGRKDHKLAAGTSGVLPVAEAVREADVVMVLLPDEKQAQVYREEVEPNLKEGGALAFAHGFNVHFGQIKPRKDLDVWMVAPKGPGHLVRKEAGAGSGSAPGSNWSHPQFEKRPPGGSGVPALVAVHQDASGSAFPTALAYAKAIGAARAGVIATTFKDETETDLFGEQAVLCGGLTRLIRAGFETLVEAGYPPEMAYFETVHEVKLIVDLIYEAGLKGMRYSISNTAEYGDYTRGDLAVPLEETKRRMREILRQIQSGEFAREWMLENQVGSPVLEANRKRWAAH,-55.95280819134257,8,-206.5186007125499,-1832.465511440073,30646.19000309465,0.09749303621169916,6.317437864658036,False,True,True,False,False,False,False,False,False,False,True,False,True,True,False,False,False,False,False,True,False,False,False,True,False,False,True,False,False,False,False,False,False,False
omicron2_57B,64,MKIYTGSSAKLTKDKTNGAVLGFGSQGHAHAHNLWAFLLDLQIAGKSSMGNGRVGLRKGSRSWEKAEAAAQALGSQSYSDEVEIWTAGGVLPVAEAVREADVVMVLLPDEKQAQVYREEVEPNLKEGGALAFAHGFNVHFGQIKPRKDLDVWMVAPKGPGHLVRSVGATAAMDDKSETDEDVSGEGSNWSHPQFEKRPPGGSGVPALVAVHQDASGSAFPTALAYAKAIGAARAGVIATTFKDETETDLFGEQAVLCGGLTRLIRAGFETLVEAGYPPEMAYFETVHEVKLIVDLIYEAGLKGMRYSISNTAEYGDYTRGDLAVPLEETKRRMREILRQIQSGEFAREWMLENQVGSPVLEANRKRWAAH,-55.04657155708287,8,-238.84927202715642,-1704.1616205306768,30730.661549729404,0.15405405405405406,6.308285423561154,False,True,True,True,False,False,False,False,False,True,True,False,True,False,False,False,False,False,False,False,False,False,False,True,False,False,True,False,False,False,False,False,False,False
lambda_combo_17E,65,MKIYYEHDADLGFILGKKVAVLGFGSQGHAHAHNLRNAQAGYSAGRVGLRKGSRSWEKAEKATMSAFKKDRDKHGVLPVAEAVREADVVMVLLPDEKQAQVYREEVEPNLKEGGALAFAHGFNVHFGQIKPRKDLDVWMVAPKGPGHLVRATGVVGNGDTLTDGGPDLGSNWSHPQFEKRPPGGSGVPALVAVHQDASGSAFPTALAYAKAIGAARAGVIATTFKDETETDLFGEQAVLCGGLTRLIRAGFETLVEAGYPPEMAYFETVHEVKLIVDLIYEAGLKGMRYSISNTAEYGDYTRGDLAVPLEETKRRMREILRQIQSGEFAREWMLENQVGSPVLEANRKRWAAH,-54.805424121746,8,-281.6851255282026,-2134.861045938631,30446.564192229693,0.06515580736543909,6.169556095437383,False,True,True,False,False,True,False,False,False,False,False,False,True,False,False,False,False,True,False,True,False,False,False,True,False,False,True,False,False,False,False,False,False,False
sigma_27C,66,MKIYGIGGTAEYMKRFAKLKGAVLGFGSQGHAHAHNLQATAADLGGEGVVGASDEELNKLKKWADKLKKIIESEAEIIEEILAALWKAYGGPVAEAVREADVVMVLLPDEKQAQVYREEVEPNLKEGGALAFAHGFNVHFGQIKPRKDLDVWMVAPKGPGEALMREAIDRNWSHPQFEKAPDKSYASTGALVAVHQDASGSAFPTALAYAKAIGAARAGVIATTFKDETETDLFGEQAVLCGGLTRLIRAGFETLVEAGYPPEMAYFETVHEVKLIVDLIYEAGLKGMRYSISNTAEYGDYTRGDLAVPLEETKRRMREILRQIQSGEFAREWMLENQVGSPVLEANRKRWAAH,-53.85334983568464,8,-270.44451621791495,-1501.4751015617385,31186.013669700256,0.1751412429378531,6.431189896579237,False,True,True,False,False,True,True,False,False,False,False,False,False,True,False,False,True,False,False,False,False,False,False,True,False,False,False,False,False,False,False,True,False,False
omicron_161C,67,PEVITNQAEVDKRAKTLGVVAVLGFGELGAAHATNLLTSNKAGKGRVGLRKGSRSWEKAETAAYLGGWDPSELGVLPVAEAVREADVVMVLLPDEKQAQVYREEVEPNLKEGGALAFAHGFNVHFGQIKPRKDLDVWMVAPKGPGHLVRSVALGGTSKSDTGTGSNWSHPQFEKRPPGGSGVPALVAVHQDASGSAFPTALAYAKAIGAARAGVIATTFKDETETDLFGEQAVLCGGLTRLIRAGFETLVEAGYPPEMAYFETVHEVKLIVDLIYEAGLKGMRYSISNTAEYGDYTRGDLAVPLEETKRRMREILRQIQSGEFAREWMLENQVGSPVLEANRKRWAAH,-53.332367852394555,8,-245.97548822764205,-1752.9214862281838,29936.480672339374,0.09482758620689655,6.394118146946058,False,True,True,False,False,True,False,False,False,False,False,True,False,False,False,False,False,True,False,False,False,False,False,True,True,False,True,False,False,False,False,False,False,False
lambda_comboplus_26C,68,MKIYYEHDADLGFILGKKVAVLGFGSQGHAHAHNLLATFRTMRAAGLQVASGRVGLRKGSRSWEKAEAALKADGDGAAKYEAGVLPVAEAVREADVVMVLLPDEKQAQVYREEVEPNLKEGGALAFAHGFNVHFGQIKPRKDLDVWMVAPKGPGHLVRAWAEGLTWKKLKDNWSHPQFEKYIELLPLEVAATLGGPALVAVHQDASGSAFPTALAYAKAILMHVMGHQALGIATTFKDETETDLFGEQAVLCGGLTRLIRAGFETLVEAGYPPEMAYFETVHEVKLIVDLIYEAGLKGMRYSISNTAEYGDYTRGDLAVPLEETKRRMREILRQIQSGEFAREWMLENQVGSPVLEANRKRWAAH,-53.28559492294221,8,-378.1613857910603,-599.1636959221865,31027.47034961094,0.12054794520547946,6.097568352249164,False,True,True,False,False,False,False,False,False,False,False,False,False,False,False,False,False,True,False,True,False,False,True,True,False,True,True,False,False,False,False,False,False,False
omicron_155F,69,MKIYYDSYQTEPLGNGGAVLGFGSQGHAHAHNLLRAATSWAAALGEDLRMEGRVGLRKGSRSWEKAEAAGANGGIPMGVLPVAEAVREADVVMVLLPDEKQAQVYREEVEPNLKEGGALAFAHGFNVHFGQIKPRKDLDVWMVAPKGPGHLVRSAVAAAGYTTAPSDATHIGCGGSNWSHPQFEKRPPGGSGVPALVAVHQDASGSAFPTALAYAKAIGAARAGVIATTFKDETETDLFGEQAVLCGGLTRLIRAGFETLVEAGYPPEMAYFETVHEVKLIVDLIYEAGLKGMRYSISNTAEYGDYTRGDLAVPLEETKRRMREILRQIQSGEFAREWMLENQVGSPVLEANRKRWAAH,-52.75979527551135,8,-193.72834017412026,-1610.956189860771,30333.81994068658,0.10863509749303621,6.382959502529389,False,True,True,True,False,False,False,False,False,True,False,False,False,False,False,False,False,False,False,False,False,False,True,True,True,False,True,False,False,False,False,False,False,False
lambda_comboplus_120B,70,MKIYYEHDADLGFILGKKVAVLGFGSQGHAHAHNLTATHISMKAAGYEAGAGRVGLRKGSRSWEKAEAAVKKGGMEMKEDIMGVLPVAEAVREADVVMVLLPDEKQAQVYREEVEPNLKEGGALAFAHGFNVHFGQIKPRKDLDVWMVAPKGPGHLVRAGARGDLVTAIVVLGRSVQETDDHNWSHPQFEKGLDQSGNRPDSGPALVAVHQDASGSAFPTALAYAKAILHLVHQAKGALAAGIATTFKDETETDLFGEQAVLCGGLTRLIRAGFETLVEAGYPPEMAYFETVHEVKLIVDLIYEAGLKGMRYSISNTAEYGDYTRGDLAVPLEETKRRMREILRQIQSGEFAREWMLENQVGSPVLEANRKRWAAH,-52.454708818368545,8,-222.27790680695784,-924.8116834535822,31331.232766185938,0.16489361702127658,7.127153891834481,False,True,True,False,False,False,False,False,False,True,False,True,False,True,False,False,False,False,False,True,False,False,False,True,False,False,True,False,False,False,False,False,False,False
omicron3_50C,71,MKIYYDNGLSSLSGGAVLGFGSQGHAHAHNFLARADGEGRVGLRKGSRSWEKALAAILASIGSHDEVASKFGVLPVAEAVREADVVMVLLPDEKQAQVYREEVEPNLKEGGALAFAHGFNVHFGQIKPRKDLDVWMVAPKGPGHLVRSVADGAPGSNWSHPQFEKRPPGGSGVPALVAVHQDASGSAFPTALAYAKAIGAARAGVIATTFKDETETDLFGEQAVLCGGLTRLIRAGFETLVEAGYPPEMAYFETVHEVKLIVDLIYEAGLKGMRYSISNTAEYGDYTRGDLAVPLEETKRRMREILRQIQSGEFAREWMLENQVGSPVLEANRKRWAAH,-51.93701611515553,8,-239.16276178268333,-2038.9894115879263,30215.09276252382,0.07374631268436578,6.3324509666476985,False,True,True,False,False,False,False,False,False,False,False,True,False,False,False,False,False,False,False,True,True,False,False,True,False,False,True,False,False,False,False,True,False,False
omicron2_11F,72,MKIYYANGGVSEFAKMNGAVLGFGSQGHAHAHNLENANLDLATATLNGIGRVGLRKGSRSWEKAEAAANSGQKNESWGVLPVAEAVREADVVMVLLPDEKQAQVYREEVEPNLKEGGALAFAHGFNVHFGQIKPRKDLDVWMVAPKGPGHLVRKEASGALGNGSLGSNWSHPQFEKRPPGGSGVPALVAVHQDASGSAFPTALAYAKAIGAARAGVIATTFKDETETDLFGEQAVLCGGLTRLIRAGFETLVEAGYPPEMAYFETVHEVKLIVDLIYEAGLKGMRYSISNTAEYGDYTRGDLAVPLEETKRRMREILRQIQSGEFAREWMLENQVGSPVLEANRKRWAAH,-51.45654289231493,8,-182.33942647010423,-1068.9568105266987,29524.713023047563,0.09428571428571429,7.023267868527707,False,True,True,False,False,False,False,False,False,False,True,True,False,True,False,False,False,False,False,False,False,False,True,True,False,False,True,False,False,False,False,False,False,False
lambda_combo_454C,73,MKIYYEHDADLGFILGKKVAVLGFGSQGHAHAHNLFTANLNHKDANGAGRVGLRKGSRSWEKAEAAADLMGEEAKNKKLGVLPVAEAVREADVVMVLLPDEKQAQVYREEVEPNLKEGGALAFAHGFNVHFGQIKPRKDLDVWMVAPKGPGHLVRSTGTGNVGAFGSNWSHPQFEKRPPGGSGVPALVAVHQDASGSAFPTALAYAKAIGAARAGVIATTFKDETETDLFGEQAVLCGGLTRLIRAGFETLVEAGYPPEMAYFETVHEVKLIVDLIYEAGLKGMRYSISNTAEYGDYTRGDLAVPLEETKRRMREILRQIQSGEFAREWMLENQVGSPVLEANRKRWAAH,-51.219262829843046,8,-285.4739618173015,-1267.394874964537,30043.512213016063,0.06857142857142857,6.011385855163782,False,True,True,False,False,False,False,False,False,False,True,False,True,False,False,False,False,True,False,True,False,False,False,True,False,False,True,False,False,False,False,False,False,False
